cluster,barrier_count,avg_severity,center_lat,center_lon,primary_neighborhood
3,5743,3.509315688664461,47.59384645943274,-122.29529288436568,North Beacon Hill
29,3995,4.0172715894868585,47.68668837469719,-122.30173333159675,Ravenna
150,1991,3.883977900552486,47.57370468170304,-122.33180264789576,Industrial District
7,1976,3.8299595141700404,47.663055491350924,-122.35021257979668,Fremont
274,1944,3.397633744855967,47.637167577390315,-122.35922229044722,East Queen Anne
14,1843,4.060770482908302,47.68861462639132,-122.37620941013081,Whittier Heights
2,1409,3.423704755145493,47.604668034485165,-122.31580427506869,Minor
43,933,3.320471596998928,47.72674242042141,-122.3021130004752,Ravenna
148,874,3.7185354691075516,47.55756783649087,-122.33415285891745,Industrial District
462,783,4.056194125159642,47.668843650574274,-122.32817217947422,Wallingford
461,749,4.459279038718291,47.654401287695116,-122.33350004595972,Wallingford
90,653,3.243491577335375,47.6775160025674,-122.3511496714757,Phinney Ridge
153,599,3.7779632721202003,47.58616517820024,-122.3259869481566,Industrial District
91,535,3.5626168224299066,47.64340982169748,-122.41055476108444,Briarcliff
183,514,3.6186770428015564,47.624264260674266,-122.32292978309007,Broadway
203,510,3.2745098039215685,47.676351749195774,-122.40181925156537,Sunset Hill
51,410,3.792682926829268,47.66252359529821,-122.28976414378097,Ravenna
48,405,4.335802469135802,47.710946080714095,-122.29765969735605,Ravenna
355,388,3.920103092783505,47.532899473131316,-122.32688311940616,Industrial District
313,362,4.223756906077348,47.5286776189646,-122.38965792155398,Industrial District
560,316,3.4651898734177213,47.634725872474384,-122.28340168240705,Madison Park
334,293,3.174061433447099,47.539082250497444,-122.38757811145977,Industrial District
205,293,3.1194539249146755,47.69289714565863,-122.40017244514752,Sunset Hill
235,277,3.0,47.70145478231382,-122.37944193265068,Loyal Heights
660,264,3.6704545454545454,47.68612052455093,-122.3345430836533,Green Lake
343,240,3.0166666666666666,47.55626212755839,-122.39442418416341,Industrial District
297,231,4.645021645021645,47.51998833660439,-122.36074436072147,Industrial District
458,222,3.77027027027027,47.62839212503519,-122.29967770275769,Stevens
76,221,4.339366515837104,47.63953696548669,-122.3934250913594,Southeast Magnolia
8,216,3.060185185185185,47.66868442959256,-122.36692569873951,West Woodland
77,216,4.013888888888889,47.63908135449445,-122.38873834963198,Southeast Magnolia
60,210,4.2,47.704584339686804,-122.29762551443918,Ravenna
40,197,3.9593908629441623,47.7147723551329,-122.3199515173278,Roosevelt
647,169,4.378698224852071,47.69265600351187,-122.37936992758125,Loyal Heights
258,162,3.253086419753086,47.67168614893784,-122.39433933776102,Adams
555,157,3.694267515923567,47.645719929105915,-122.36213727817415,North Queen Anne
206,157,3.0,47.69765005901361,-122.38929899179251,Loyal Heights
20,153,3.4052287581699345,47.66558541191949,-122.37909917893752,Adams
372,148,3.2972972972972974,47.551600146938014,-122.35639907218315,Industrial District
207,147,3.0,47.69279552641369,-122.39248828498684,Loyal Heights
218,134,3.8208955223880596,47.68633327199452,-122.3806698357881,Loyal Heights
31,132,3.659090909090909,47.723308303139426,-122.31354863715895,Roosevelt
57,132,3.212121212121212,47.6802205172452,-122.30840081879587,Ravenna
448,132,3.537878787878788,47.638426405010804,-122.31790062875459,Montlake
234,128,4.25,47.69402864575386,-122.37316167354584,Whittier Heights
256,116,3.2155172413793105,47.67326151091477,-122.38503903356091,Adams
358,113,3.185840707964602,47.541015557483234,-122.35683535685581,Industrial District
548,113,3.4070796460176993,47.64682806909612,-122.31974252346343,Portage Bay
115,112,4.544642857142857,47.55356158529009,-122.28574085235596,Mount Baker
504,112,4.3125,47.668151003973826,-122.4081621170044,Lawton Park
644,111,3.1171171171171173,47.69535291517103,-122.38445020795942,Loyal Heights
627,106,4.962264150943396,47.63476112653624,-122.30821285607679,Stevens
511,105,4.6571428571428575,47.66233458746047,-122.41086716424851,Lawton Park
486,101,3.594059405940594,47.67655385838877,-122.270285804673,View Ridge
264,100,4.62,47.65902679443359,-122.38635040283204,Interbay
357,99,3.0,47.54543470132231,-122.39735898104581,Industrial District
265,98,4.030612244897959,47.649169882949515,-122.37747309159259,Interbay
42,96,3.9583333333333335,47.73010675112406,-122.32356770833333,Roosevelt
589,96,3.3854166666666665,47.61372991402944,-122.31504281361897,Broadway
356,95,3.5473684210526315,47.54085436369243,-122.35174841629832,Industrial District
601,95,3.778947368421053,47.66812495181435,-122.26402250591077,Windermere
390,93,4.376344086021505,47.53288671021821,-122.35906506610173,Industrial District
231,92,4.880434782608695,47.69880742612092,-122.35364233929178,Green Lake
453,89,3.8764044943820224,47.64000804772538,-122.29866362153814,Montlake
333,86,3.383720930232558,47.540598492289696,-122.37990277312522,Industrial District
116,85,3.541176470588235,47.51417788337259,-122.25716983570771,Mount Baker
155,83,3.927710843373494,47.56136864351939,-122.3415991541851,Industrial District
491,80,3.9,47.68411750793457,-122.26623096466065,View Ridge
505,80,3.425,47.654830598831175,-122.39507341384888,Lawton Park
5,76,3.1447368421052633,47.66612640180086,-122.37246121858296,West Woodland
154,73,3.9863013698630136,47.56772963641441,-122.33333430878103,Industrial District
447,73,3.3835616438356166,47.642910369454995,-122.30282561419762,Montlake
347,73,3.643835616438356,47.51525225704663,-122.38883543667728,Industrial District
249,73,3.3835616438356166,47.6148559361288,-122.3500974472255,Belltown
222,71,4.112676056338028,47.71800984127421,-122.36248338726205,Whittier Heights
34,68,3.3970588235294117,47.73034802605124,-122.3128241370706,Roosevelt
306,68,3.3529411764705883,47.53213484147016,-122.37815105213838,Industrial District
245,68,3.0,47.61820709004122,-122.2975679285386,Mann
568,67,4.0,47.665839693439544,-122.2794978583037,Laurelhurst
307,67,4.7164179104477615,47.52721581530215,-122.36289556702572,Industrial District
257,66,3.106060606060606,47.67210786992853,-122.39013949307528,Adams
10,66,3.5454545454545454,47.5963767080596,-122.31257744991419,North Beacon Hill
452,65,3.8,47.63815184373122,-122.30584305983324,Montlake
276,63,3.3015873015873014,47.63915198189871,-122.35904390849764,West Queen Anne
304,63,4.428571428571429,47.52743269905211,-122.35406033954924,Industrial District
485,63,3.3492063492063493,47.6768806094215,-122.2772713313027,View Ridge
162,63,3.4285714285714284,47.50778258792938,-122.25298176114521,Mount Baker
360,60,4.916666666666667,47.53553771972656,-122.3456921895345,Industrial District
669,58,3.5,47.731723061923326,-122.33495541276604,Green Lake
270,58,3.396551724137931,47.661813472879345,-122.39773046559301,Lawton Park
299,58,4.758620689655173,47.51848187939874,-122.34091475914265,Industrial District
613,57,3.6140350877192984,47.666083218758565,-122.31986718428762,University District
583,57,3.8596491228070176,47.6332180625514,-122.31139253315173,Stevens
230,57,5.0,47.69159986261736,-122.36293404562431,Whittier Heights
642,56,3.482142857142857,47.68744877406529,-122.38743250710624,Loyal Heights
202,56,4.017857142857143,47.71120909282139,-122.32822813306537,Roosevelt
259,56,3.7142857142857144,47.6674222946167,-122.38559355054583,Adams
118,56,4.0,47.51710830415998,-122.27165699005127,Mount Baker
564,54,3.2222222222222223,47.63311513264974,-122.27878584685149,Madison Park
21,53,5.0,47.678328460117555,-122.26058801615014,Sand Point
85,53,4.60377358490566,47.631945843966506,-122.38835662265994,Interbay
460,53,3.6792452830188678,47.63410237150372,-122.30489738032503,Stevens
359,53,3.0,47.53832979022332,-122.39562138971293,Industrial District
552,52,3.5,47.641881429232086,-122.36454259432278,North Queen Anne
102,52,3.3653846153846154,47.501832301800064,-122.24257542536809,Mount Baker
523,52,3.576923076923077,47.58118013235239,-122.35499616769644,Harbor Island
229,52,3.0,47.708120566148025,-122.37356068537785,Whittier Heights
665,52,4.25,47.70317642505352,-122.337036719689,Green Lake
374,51,3.764705882352941,47.52388135124655,-122.33040394502528,Industrial District
651,51,3.2941176470588234,47.614630156872316,-122.30960756189683,Minor
525,50,3.28,47.565801010131835,-122.31294342041015,North Beacon Hill
50,50,4.36,47.71515380859375,-122.29523468017578,Ravenna
253,49,3.122448979591837,47.619157985765106,-122.35717384182676,Lower Queen Anne
142,49,4.0,47.510523971246215,-122.2734865461077,Mount Baker
156,49,3.8979591836734695,47.57769946662747,-122.32269894346899,Industrial District
446,49,3.7346938775510203,47.63373923788265,-122.3196137097417,Broadway
354,48,3.5833333333333335,47.52262210845947,-122.38795216878255,Industrial District
666,48,4.395833333333333,47.72248943646749,-122.34633445739746,Green Lake
582,48,3.4583333333333335,47.62081034978231,-122.32348569234212,Broadway
449,48,3.625,47.640190283457436,-122.31254863739014,Montlake
597,48,3.6875,47.6717696984609,-122.27908722559611,Windermere
22,47,3.6595744680851063,47.673348934092424,-122.25818731429729,Windermere
123,47,3.0,47.55731688154505,-122.2627779372195,Mount Baker
373,47,4.638297872340425,47.5212479449333,-122.33856736852768,Industrial District
219,47,3.7872340425531914,47.7110727188435,-122.35684333963597,Whittier Heights
37,46,3.760869565217391,47.71581334653108,-122.31442227570906,Roosevelt
140,46,4.978260869565218,47.49829839623493,-122.26792045261548,Mount Baker
39,46,4.043478260869565,47.70047842937967,-122.31442708554475,Roosevelt
32,45,3.977777777777778,47.72317674424913,-122.32335544162326,Roosevelt
611,45,3.8,47.66896023220486,-122.31537695990669,University District
15,44,3.022727272727273,47.67113286798651,-122.37086642872204,West Woodland
296,44,4.045454545454546,47.505665345625445,-122.37900560552424,Industrial District
13,44,3.1363636363636362,47.674795150756836,-122.37577975880016,West Woodland
226,43,4.883720930232558,47.72320388084234,-122.36305130359739,Whittier Heights
367,43,5.0,47.584777033606244,-122.39303801780524,Industrial District
147,42,3.880952380952381,47.551581428164525,-122.33226975940522,Industrial District
99,42,3.4047619047619047,47.56586083911714,-122.28580511183966,Mount Baker
350,42,4.619047619047619,47.574816022600444,-122.3945541381836,Industrial District
110,42,4.119047619047619,47.574289321899414,-122.29600125267392,Mount Baker
80,41,3.951219512195122,47.645612484071314,-122.39430943931022,Southeast Magnolia
685,41,3.0,47.61354446411133,-122.3001681071956,Mann
595,41,3.5853658536585367,47.67096105435999,-122.26904278266721,Windermere
298,40,4.7,47.52087354660034,-122.34800052642822,Industrial District
111,40,3.1,47.54124221801758,-122.26379089355468,Mount Baker
600,40,4.025,47.668347644805905,-122.27065048217773,Windermere
524,39,4.230769230769231,47.57300293751252,-122.35357255202074,Harbor Island
466,39,4.615384615384615,47.66750854100936,-122.33255885197566,Wallingford
368,39,4.230769230769231,47.57679073627178,-122.41590098845653,Industrial District
465,39,4.538461538461538,47.66920471191406,-122.33516067113632,Wallingford
586,37,3.2432432432432434,47.622692726753854,-122.30356185500686,Stevens
493,37,4.0,47.71218016340926,-122.29177897685283,View Ridge
384,37,3.918918918918919,47.5396277968948,-122.33645918562605,Industrial District
573,37,4.108108108108108,47.657347498713314,-122.27859909470017,Laurelhurst
566,37,3.972972972972973,47.660317498284414,-122.27032780002904,Laurelhurst
692,36,3.5555555555555554,47.67404704623752,-122.28710916307237,Bryant
6,35,3.2285714285714286,47.6769643511091,-122.36167907714844,Phinney Ridge
546,35,3.1142857142857143,47.60047716413226,-122.33415091378349,Pioneer Square
130,34,4.235294117647059,47.55372283037971,-122.27398748958812,Mount Baker
314,34,4.9411764705882355,47.502653682933136,-122.37612421372357,Industrial District
17,34,3.411764705882353,47.66162389867446,-122.37184345020967,West Woodland
616,34,3.235294117647059,47.66372153338264,-122.30650419347427,University District
212,33,3.242424242424242,47.685194766882695,-122.3965010209517,Sunset Hill
667,33,4.9393939393939394,47.729433464281485,-122.33852663907138,Green Lake
1,33,3.5454545454545454,47.59754238706647,-122.30128594600794,Atlantic
114,33,4.0,47.51032569191673,-122.24129717277758,Mount Baker
662,32,4.59375,47.727800130844116,-122.3496572971344,Green Lake
281,32,4.40625,47.65046191215515,-122.32334685325623,Eastlake
192,32,3.21875,47.61825180053711,-122.33359050750732,Belltown
612,32,3.4375,47.66638672351837,-122.30775094032288,University District
664,32,4.0625,47.703243017196655,-122.34085512161255,Green Lake
55,32,4.28125,47.68479859828949,-122.29590821266174,Ravenna
618,32,3.1875,47.652149081230164,-122.31056523323059,University District
335,32,4.5625,47.57042574882507,-122.40605115890503,Industrial District
35,31,3.935483870967742,47.710179851901145,-122.31522590883317,Roosevelt
144,31,3.193548387096774,47.64487395748015,-122.40540879772556,Briarcliff
285,31,3.2580645161290325,47.643429294709236,-122.32132991667717,Portage Bay
93,31,4.32258064516129,47.68547341131395,-122.35259935932774,Phinney Ridge
539,31,3.5483870967741935,47.59001811858146,-122.31261517924648,North Beacon Hill
221,31,5.0,47.7298839938256,-122.35940330259261,Whittier Heights
382,30,3.0,47.546102650960286,-122.38836364746093,Industrial District
456,30,3.3666666666666667,47.63603426615397,-122.31571248372396,Montlake
69,30,3.1333333333333333,47.668089930216475,-122.29916890462239,Ravenna
45,30,3.0,47.72315012613932,-122.30768966674805,Roosevelt
309,30,4.4,47.530841700236,-122.34867426554362,Industrial District
412,30,3.0,47.550258509318034,-122.39040603637696,Industrial District
332,29,4.0344827586206895,47.54280905887998,-122.38517261373586,Industrial District
342,29,3.6551724137931036,47.5226102368585,-122.31683717924973,Industrial District
637,29,3.6551724137931036,47.653738613786366,-122.34421144682786,Fremont
570,29,3.586206896551724,47.66217593489022,-122.27555373619343,Laurelhurst
120,29,3.0,47.54780302376583,-122.27004136710332,Mount Baker
160,29,3.1379310344827585,47.649917997162916,-122.40579723489695,Briarcliff
59,29,3.6206896551724137,47.66028568662446,-122.30025008629109,University District
629,28,3.642857142857143,47.619907242911204,-122.30801010131836,Stevens
166,28,4.142857142857143,47.55615833827427,-122.28080150059291,Mount Baker
649,28,3.4285714285714284,47.6097469329834,-122.31684276035854,First Hill
584,27,3.5555555555555554,47.61722946166992,-122.31335420961733,Broadway
668,27,4.0,47.709576783356844,-122.35416864465785,Green Lake
472,27,3.888888888888889,47.66031590214482,-122.33462241843894,Wallingford
489,27,3.5925925925925926,47.681647265398944,-122.26970983434606,View Ridge
681,27,3.925925925925926,47.682068012378835,-122.28766519052012,Bryant
280,27,4.2592592592592595,47.645530418113424,-122.32422242341218,Eastlake
223,27,3.0,47.705638320357714,-122.36111337167246,Whittier Heights
688,26,3.6153846153846154,47.67054865910457,-122.28218782865085,Bryant
376,26,3.8846153846153846,47.54874713604267,-122.36094107994667,Industrial District
107,26,3.5,47.55275183457594,-122.2681001516489,Mount Baker
676,26,3.6153846153846154,47.688666123610275,-122.33223137488731,Green Lake
653,26,3.6153846153846154,47.615780903742866,-122.30546393761269,Minor
272,26,4.461538461538462,47.66413629972018,-122.39872683011569,Lawton Park
44,26,3.269230769230769,47.68061843285194,-122.31570141132062,Roosevelt
484,26,3.076923076923077,47.67383428720328,-122.2637103154109,Windermere
336,26,4.115384615384615,47.54376660860502,-122.38319074190579,Industrial District
112,25,3.92,47.51737152099609,-122.27933715820312,Mount Baker
495,25,4.04,47.691424255371096,-122.27126617431641,View Ridge
513,25,3.84,47.65886352539062,-122.40302490234374,Lawton Park
454,24,4.0,47.641249338785805,-122.31817722320557,Montlake
679,24,3.2916666666666665,47.68853314717611,-122.34450785319011,Green Lake
263,24,3.3333333333333335,47.66228532791138,-122.3924601872762,Interbay
670,24,5.0,47.69518105189005,-122.35396321614583,Green Lake
577,24,3.0833333333333335,47.65758434931437,-122.27477423350017,Laurelhurst
689,24,4.083333333333333,47.673959732055664,-122.28142484029134,Bryant
349,24,4.208333333333333,47.57367753982544,-122.41414992014568,Industrial District
346,24,4.833333333333333,47.57986879348755,-122.37837060292561,Industrial District
690,24,3.2916666666666665,47.66998163859049,-122.28508408864339,Bryant
496,23,4.695652173913044,47.713616246762484,-122.28526969577955,View Ridge
23,23,3.6956521739130435,47.67237903760827,-122.25508283532184,Windermere
73,23,4.130434782608695,47.63484407507855,-122.39650560461956,Southeast Magnolia
475,23,3.9565217391304346,47.65967991041101,-122.34047831659731,Wallingford
134,23,3.0,47.56631801439368,-122.26878622303839,Mount Baker
394,23,3.0,47.5468574192213,-122.39491769541864,Industrial District
208,23,3.0,47.69395927760912,-122.39602893331777,Sunset Hill
225,23,3.0,47.70683056375255,-122.36625074303669,Whittier Heights
310,23,4.478260869565218,47.53192205014436,-122.34594560706097,Industrial District
590,23,3.4347826086956523,47.6217445705248,-122.3159348861031,Broadway
378,23,3.608695652173913,47.51000926805579,-122.38265792183255,Industrial District
139,23,3.347826086956522,47.51025456967561,-122.25123330821161,Mount Baker
375,23,5.0,47.50962895932405,-122.38637874437416,Industrial District
617,23,3.0869565217391304,47.66135506007982,-122.30949899424677,University District
365,22,4.045454545454546,47.5697056163441,-122.37170618230647,Industrial District
361,22,3.409090909090909,47.53537940979004,-122.35067922418767,Industrial District
550,22,3.909090909090909,47.63330442255194,-122.34194356744939,Westlake
476,22,4.818181818181818,47.65801308371804,-122.34017528187145,Wallingford
287,22,3.0454545454545454,47.603581862016156,-122.33647086403586,Central Business District
631,22,4.7272727272727275,47.62666754289107,-122.29571151733398,Stevens
278,22,3.909090909090909,47.63613388755105,-122.32423678311434,Eastlake
262,22,4.409090909090909,47.633518565784804,-122.3823568170721,Interbay
464,21,4.095238095238095,47.6473016284761,-122.33912004743304,Wallingford
119,21,3.142857142857143,47.54598454066685,-122.26100703648159,Mount Baker
211,21,3.0952380952380953,47.6895884559268,-122.39667329334077,Sunset Hill
598,21,3.6666666666666665,47.67009662446522,-122.27609579903739,Windermere
143,21,4.0,47.51255380539667,-122.27367510114398,Mount Baker
279,21,4.095238095238095,47.64289674304781,-122.32652609688895,Eastlake
66,21,3.9523809523809526,47.71609115600586,-122.31866818382626,Roosevelt
494,21,4.142857142857143,47.71135675339472,-122.28660692487445,View Ridge
53,21,3.857142857142857,47.664022718157085,-122.3015612647647,University District
397,21,3.0,47.54517055693127,-122.37907554989769,Industrial District
61,21,4.904761904761905,47.70501454671224,-122.3035630725679,Ravenna
463,20,4.3,47.66025505065918,-122.32451210021972,Wallingford
451,20,3.45,47.63332252502441,-122.30179481506347,Stevens
415,20,3.0,47.54760932922363,-122.39116554260254,Industrial District
36,20,4.7,47.71760215759277,-122.32662734985351,Roosevelt
380,20,4.45,47.52643184661865,-122.34110984802246,Industrial District
540,20,3.1,47.556765174865724,-122.30214958190918,North Beacon Hill
323,20,3.25,47.563369560241696,-122.3953742980957,Industrial District
319,20,3.65,47.56095600128174,-122.39542503356934,Industrial District
62,20,3.7,47.679377746582034,-122.30340881347657,Ravenna
492,20,4.85,47.69014301300049,-122.27998809814453,View Ridge
507,20,4.25,47.6628231048584,-122.40268898010254,Lawton Park
131,19,5.0,47.565555572509766,-122.29143403705798,Mount Baker
210,19,3.473684210526316,47.686869169536386,-122.39863506116365,Sunset Hill
18,19,3.0,47.674188915051914,-122.36410522460938,West Woodland
83,19,4.052631578947368,47.6481654518529,-122.38600118536698,Southeast Magnolia
126,19,3.8421052631578947,47.56056072837428,-122.26851011577405,Mount Baker
228,19,4.0,47.70902292351974,-122.36233922054893,Whittier Heights
609,18,4.0,47.65597661336263,-122.31841490003798,University District
250,18,3.2222222222222223,47.615585539076065,-122.34035322401259,Belltown
409,18,3.0,47.55280197991265,-122.38977983262804,Industrial District
185,18,3.3333333333333335,47.618293126424156,-122.34419928656683,Belltown
137,18,4.055555555555555,47.543655183580185,-122.2919324239095,North Beacon Hill
542,18,4.166666666666667,47.5552724202474,-122.30728191799588,North Beacon Hill
556,18,3.6666666666666665,47.64883274502225,-122.3744248284234,North Queen Anne
543,18,4.666666666666667,47.577019161648224,-122.31731330023871,North Beacon Hill
544,18,3.3333333333333335,47.596613778008354,-122.31617991129558,International District
370,18,4.0,47.55849160088433,-122.35376400417752,Industrial District
68,18,3.8333333333333335,47.709528817070854,-122.3249134487576,Roosevelt
638,18,3.0555555555555554,47.65193960401747,-122.3572023179796,Fremont
267,18,3.2777777777777777,47.633338080512154,-122.37668185763889,Interbay
695,18,4.888888888888889,47.6703126695421,-122.28850343492296,Bryant
28,18,3.8333333333333335,47.61089113023546,-122.34296078152127,Pike-Market
576,18,3.2777777777777777,47.65539995829264,-122.28075790405273,Laurelhurst
92,18,3.0555555555555554,47.677026960584854,-122.3572646247016,Phinney Ridge
641,18,3.388888888888889,47.6199836730957,-122.30083592732747,Mann
312,17,4.647058823529412,47.5301446353688,-122.35114243451287,Industrial District
645,17,4.117647058823529,47.685055676628565,-122.37786506204044,Loyal Heights
317,17,4.176470588235294,47.527584075927734,-122.34819928337546,Industrial District
563,17,3.0,47.63691868501551,-122.27993864171646,Madison Park
392,17,3.8823529411764706,47.53113712983973,-122.35575642305263,Industrial District
518,17,3.235294117647059,47.65167774873621,-122.38370154885685,Lawton Park
519,17,3.8823529411764706,47.65956699146944,-122.39255927590763,Lawton Park
100,17,3.5294117647058822,47.52820744233973,-122.26679319493911,Mount Baker
103,17,4.588235294117647,47.542606353759766,-122.28472227208755,Mount Baker
527,16,3.875,47.53933572769165,-122.29838752746582,North Beacon Hill
514,16,3.8125,47.658074140548706,-122.39802932739258,Lawton Park
165,16,3.4375,47.518895387649536,-122.265371799469,Mount Baker
187,16,3.0,47.65412211418152,-122.41441774368286,Lawton Park
569,16,4.1875,47.66662240028381,-122.27372026443481,Laurelhurst
49,16,4.8125,47.70213460922241,-122.30308103561401,Ravenna
146,16,3.0625,47.5965142250061,-122.32603120803833,International District
455,16,3.375,47.63954019546509,-122.32172346115112,Montlake
663,16,4.125,47.70143270492554,-122.33994579315186,Green Lake
145,16,3.75,47.5616888999939,-122.31840324401855,Industrial District
467,16,3.8125,47.6654212474823,-122.3305516242981,Wallingford
252,16,3.3125,47.61748647689819,-122.354172706604,Belltown
691,16,3.8125,47.67214393615723,-122.28856325149536,Bryant
9,16,3.5,47.59326982498169,-122.30947065353394,Atlantic
471,16,4.6875,47.65314865112305,-122.33557987213135,Wallingford
477,16,4.6875,47.64922761917114,-122.3371639251709,Wallingford
337,16,4.3125,47.57163596153259,-122.36768245697021,Industrial District
282,16,3.0,47.63634991645813,-122.35785293579102,West Queen Anne
348,16,4.4375,47.58681106567383,-122.3883261680603,Industrial District
509,16,3.625,47.65061902999878,-122.39780330657959,Lawton Park
283,16,3.6875,47.6388475894928,-122.32693576812744,Eastlake
510,16,3.4375,47.651654958724976,-122.38800621032715,Lawton Park
553,16,3.375,47.644537925720215,-122.35688638687134,North Queen Anne
277,15,3.3333333333333335,47.639940897623696,-122.32372233072917,Eastlake
344,15,4.8,47.58353500366211,-122.3905512491862,Industrial District
379,15,3.1333333333333333,47.513573455810544,-122.3750991821289,Industrial District
133,15,3.7333333333333334,47.512220764160155,-122.26148885091146,Mount Baker
275,15,3.2666666666666666,47.63805948893229,-122.34193420410156,East Queen Anne
508,15,4.2,47.64819081624349,-122.40157674153646,Lawton Park
88,15,3.533333333333333,47.649462636311846,-122.38491923014323,Lawton Park
683,15,3.0,47.61159845987956,-122.30093688964844,Mann
38,15,3.066666666666667,47.67566655476888,-122.31290944417317,Roosevelt
661,15,3.0,47.73129170735677,-122.33279927571614,Green Lake
27,15,3.933333333333333,47.680277506510414,-122.2637212117513,View Ridge
578,15,4.4,47.66487248738607,-122.27474110921224,Laurelhurst
173,15,3.4,47.5748051961263,-122.32591857910157,Industrial District
557,15,3.3333333333333335,47.648431396484376,-122.36417795817057,North Queen Anne
151,15,4.533333333333333,47.54570617675781,-122.31746063232421,Industrial District
650,15,3.0,47.609632619222005,-122.32386423746745,First Hill
499,15,4.2,47.7266487121582,-122.2858896891276,View Ridge
393,15,4.0,47.5373031616211,-122.3535883585612,Industrial District
78,15,4.866666666666666,47.644717407226565,-122.39755452473959,Southeast Magnolia
457,14,3.5714285714285716,47.6412604195731,-122.32125636509487,Montlake
30,14,4.285714285714286,47.699358803885325,-122.3067605154855,Roosevelt
214,14,3.0,47.684926986694336,-122.39437484741211,Sunset Hill
108,14,3.0,47.55006572178432,-122.26215853009906,Mount Baker
592,14,3.2857142857142856,47.61330304827009,-122.32703835623605,First Hill
579,14,3.857142857142857,47.62311526707241,-122.31350708007812,Broadway
531,14,4.0,47.54577391488211,-122.30496270315987,North Beacon Hill
338,14,3.7857142857142856,47.54497555324009,-122.38471112932477,Industrial District
84,14,3.9285714285714284,47.6464729309082,-122.38320868355888,Southeast Magnolia
619,14,4.214285714285714,47.66644941057478,-122.31576374598912,University District
623,14,3.7857142857142856,47.65782628740583,-122.30280685424805,University District
490,14,5.0,47.685201917375835,-122.2798080444336,View Ridge
672,13,4.923076923076923,47.70200318556566,-122.35046621469351,Green Lake
625,13,3.4615384615384617,47.659849607027496,-122.31619145320012,University District
369,13,5.0,47.5850583589994,-122.38709082970253,Industrial District
482,13,4.3076923076923075,47.6589722266564,-122.32449399507962,Wallingford
622,13,3.0,47.663097675030045,-122.31034264197716,University District
82,13,4.538461538461538,47.64117783766527,-122.39728487454929,Southeast Magnolia
294,13,3.6923076923076925,47.63956011258639,-122.36242323655348,West Queen Anne
341,13,3.5384615384615383,47.55752974290114,-122.38066042386569,Industrial District
291,13,3.3076923076923075,47.63533694927509,-122.36746274507962,West Queen Anne
512,13,3.8461538461538463,47.65951772836539,-122.40067643385667,Lawton Park
528,13,3.3076923076923075,47.55541786780724,-122.30401611328125,North Beacon Hill
179,13,3.3076923076923075,47.57348720843975,-122.2925555889423,Mount Baker
186,13,3.3846153846153846,47.646156311035156,-122.41198437030499,Briarcliff
351,13,3.5384615384615383,47.5812254685622,-122.38882035475511,Industrial District
610,13,4.230769230769231,47.66379165649414,-122.30417574368991,University District
469,13,3.8461538461538463,47.64938559898963,-122.34281041071965,Fremont
682,13,3.5384615384615383,47.67578799907978,-122.28778897798978,Bryant
405,12,4.916666666666667,47.577572186787926,-122.39375432332356,Industrial District
121,12,3.8333333333333335,47.51923052469889,-122.25742022196452,Mount Baker
124,12,3.1666666666666665,47.54421774546305,-122.26176516215007,Mount Baker
353,12,4.0,47.5628776550293,-122.37731234232585,Industrial District
129,12,3.0833333333333335,47.57202943166097,-122.2925345102946,Mount Baker
391,12,3.9166666666666665,47.52297719319662,-122.31360244750977,Industrial District
599,12,4.083333333333333,47.666012128194176,-122.2695484161377,Windermere
302,12,4.666666666666667,47.577451388041176,-122.37845993041992,Industrial District
331,12,3.4166666666666665,47.57184664408366,-122.36111450195312,Industrial District
554,12,3.5,47.64698060353597,-122.35428682963054,North Queen Anne
430,12,3.0,47.55196762084961,-122.37757746378581,Industrial District
587,12,4.083333333333333,47.61652501424154,-122.31086730957031,Stevens
327,12,4.0,47.56559658050537,-122.3841781616211,Industrial District
244,12,3.75,47.68688042958578,-122.37743822733562,Loyal Heights
71,12,3.0,47.6703405380249,-122.29384358723958,Ravenna
79,12,3.5833333333333335,47.643659909566246,-122.38429578145345,Southeast Magnolia
503,12,3.0833333333333335,47.68128363291422,-122.27940241495769,View Ridge
33,12,3.6666666666666665,47.70217068990072,-122.32295036315918,Roosevelt
487,12,3.9166666666666665,47.69157155354818,-122.27425193786621,View Ridge
675,12,3.8333333333333335,47.688788096110024,-122.32968393961589,Green Lake
432,11,3.0,47.55561620538885,-122.37756833163175,Industrial District
72,11,3.0,47.67398418079723,-122.2946444424716,Ravenna
646,11,3.6363636363636362,47.69028854370117,-122.3832120028409,Loyal Heights
86,11,4.090909090909091,47.64805845780806,-122.38825919411399,Southeast Magnolia
159,11,3.5454545454545454,47.64696190573952,-122.4092525135387,Briarcliff
217,11,4.363636363636363,47.69429952448065,-122.3593881780451,Whittier Heights
224,11,3.5454545454545454,47.72588348388672,-122.35831173983487,Whittier Heights
572,11,3.3636363636363638,47.652718630704015,-122.27807686545633,Laurelhurst
269,11,4.0,47.65432565862482,-122.38487729159269,Interbay
266,11,3.0,47.62430537830699,-122.36467534845525,Lower Queen Anne
95,11,4.818181818181818,47.69141214544123,-122.35262437300248,Green Lake
588,11,4.363636363636363,47.62016331065785,-122.3056210604581,Stevens
242,11,4.090909090909091,47.68870232321999,-122.37270632657138,Whittier Heights
286,11,3.272727272727273,47.61162428422408,-122.33661582253195,Central Business District
232,11,3.8181818181818183,47.71030009876598,-122.35923697731711,Whittier Heights
188,11,3.8181818181818183,47.64996407248757,-122.4120004827326,Briarcliff
659,11,3.727272727272727,47.68318765813654,-122.38517830588601,Loyal Heights
292,11,3.272727272727273,47.63282151655717,-122.37441392378373,West Queen Anne
24,11,4.454545454545454,47.68211503462358,-122.260930148038,Sand Point
684,11,3.0,47.61293411254883,-122.29750477183948,Mann
696,11,3.0,47.6685097434304,-122.28841192072088,Bryant
12,11,3.272727272727273,47.59672823819247,-122.29887598211116,Atlantic
396,11,3.8181818181818183,47.52542773160067,-122.32268524169922,Industrial District
516,11,3.6363636363636362,47.65787263350053,-122.38949030095881,Lawton Park
366,11,3.0,47.55715006048029,-122.35974884033203,Industrial District
561,11,3.0,47.62974236228249,-122.28007715398616,Madison Park
136,11,4.363636363636363,47.553371082652696,-122.26332508433948,Mount Baker
135,11,4.090909090909091,47.536229913884945,-122.27236661044034,Mount Baker
248,10,3.2,47.61228904724121,-122.34521865844727,Belltown
571,10,3.8,47.660028076171876,-122.27240295410157,Laurelhurst
56,10,4.6,47.68326263427734,-122.2986557006836,Ravenna
474,10,4.6,47.660515213012694,-122.33139877319336,Wallingford
371,10,4.9,47.50715866088867,-122.38704299926758,Industrial District
654,10,3.2,47.61593055725098,-122.3034797668457,Minor
54,10,4.0,47.71417465209961,-122.29362869262695,Ravenna
626,10,4.5,47.65153350830078,-122.30395126342773,University District
640,10,3.2,47.62016563415527,-122.31054077148437,Stevens
671,10,5.0,47.71270751953125,-122.33104019165039,Green Lake
657,10,3.2,47.6115837097168,-122.31151428222657,Minor
58,10,3.8,47.677660369873045,-122.30541534423828,Ravenna
65,10,4.4,47.70671463012695,-122.31311340332032,Roosevelt
271,10,3.6,47.64058074951172,-122.37650527954102,Interbay
104,10,4.0,47.535409927368164,-122.2758056640625,Mount Baker
321,10,4.6,47.531930160522464,-122.3415428161621,Industrial District
243,10,3.1,47.72157974243164,-122.37092895507813,Whittier Heights
322,10,3.5,47.56747207641602,-122.3678985595703,Industrial District
325,10,4.8,47.589625930786134,-122.39034729003906,Industrial District
96,10,3.1,47.67404747009277,-122.35763168334961,Phinney Ridge
532,10,3.4,47.54740333557129,-122.30060272216797,North Beacon Hill
398,10,3.3,47.53439483642578,-122.38779144287109,Industrial District
141,10,4.0,47.501390838623045,-122.26332092285156,Mount Baker
132,10,3.9,47.56882286071777,-122.28053436279296,Mount Baker
551,10,3.4,47.63671531677246,-122.34219055175781,Westlake
567,10,3.5,47.625579071044925,-122.36002960205079,Lower Queen Anne
403,10,4.6,47.57023811340332,-122.3914695739746,Industrial District
686,10,3.0,47.60439186096191,-122.2983299255371,Mann
596,10,3.3,47.67238082885742,-122.26087951660156,Windermere
311,10,3.0,47.5483642578125,-122.37890930175782,Industrial District
163,10,3.2,47.556692886352536,-122.26967697143554,Mount Baker
434,10,5.0,47.588056564331055,-122.38762664794922,Industrial District
190,10,3.4,47.64673347473145,-122.40698852539063,Briarcliff
515,10,4.0,47.654165267944336,-122.40997619628907,Lawton Park
290,10,3.0,47.63589935302734,-122.36469497680665,West Queen Anne
209,10,3.0,47.69238128662109,-122.39833297729493,Sunset Hill
363,10,3.0,47.5431625366211,-122.393701171875,Industrial District
602,10,3.0,47.67275695800781,-122.2662223815918,Windermere
326,9,3.5555555555555554,47.56242243448893,-122.38001675075955,Industrial District
498,9,4.222222222222222,47.688393910725914,-122.28250376383464,View Ridge
580,9,3.4444444444444446,47.62432183159722,-122.31493208143446,Broadway
655,9,3.0,47.609212239583336,-122.31151835123698,Minor
674,9,3.3333333333333335,47.69234085083008,-122.33341725667317,Green Lake
687,9,3.0,47.609837002224396,-122.30150095621745,Mann
19,9,3.0,47.674737294514976,-122.37140485975478,West Woodland
4,9,3.111111111111111,47.59461339314779,-122.30098724365234,Atlantic
238,9,3.0,47.70642428927951,-122.36828528510199,Whittier Heights
170,9,3.3333333333333335,47.51167678833008,-122.25660451253255,Mount Baker
605,9,4.666666666666667,47.6698252360026,-122.25965287950304,Windermere
383,9,3.3333333333333335,47.552037980821396,-122.37914530436198,Industrial District
536,9,3.3333333333333335,47.56451924641927,-122.3015602959527,North Beacon Hill
411,9,3.0,47.55040529039171,-122.39509836832683,Industrial District
604,9,3.0,47.67046695285373,-122.27467346191406,Windermere
364,9,3.7777777777777777,47.54493755764432,-122.35446082221137,Industrial District
395,9,3.0,47.63352839152018,-122.36636267768012,West Queen Anne
329,9,3.888888888888889,47.55748494466146,-122.36553446451823,Industrial District
408,9,5.0,47.58392122056749,-122.38915506998698,Industrial District
189,9,3.0,47.618645985921226,-122.34019046359592,Belltown
246,9,3.111111111111111,47.618892669677734,-122.29483201768663,Madrona
585,9,4.111111111111111,47.633982764350044,-122.32264709472656,Broadway
648,9,3.7777777777777777,47.61263741387261,-122.31970893012152,First Hill
497,9,5.0,47.71652094523112,-122.28940158420139,View Ridge
122,9,3.5555555555555554,47.52796596950955,-122.28730180528429,North Beacon Hill
603,9,3.888888888888889,47.6721445719401,-122.27247619628906,Windermere
204,9,3.0,47.68898137410482,-122.39270782470703,Loyal Heights
193,9,3.0,47.64311981201172,-122.40213097466363,Briarcliff
194,9,3.2222222222222223,47.64094882541232,-122.40250735812717,Briarcliff
417,9,4.777777777777778,47.56827884250217,-122.35802544487848,Industrial District
169,9,3.2222222222222223,47.50969229804145,-122.26184421115451,Mount Baker
197,9,3.6666666666666665,47.652264489067925,-122.40622965494792,Briarcliff
46,8,3.0,47.721251010894775,-122.30677890777588,Roosevelt
157,8,4.0,47.553478717803955,-122.31885051727295,Industrial District
483,8,5.0,47.651968479156494,-122.33388710021973,Wallingford
473,8,4.75,47.66753959655762,-122.33083724975586,Wallingford
480,8,5.0,47.65316915512085,-122.3375015258789,Wallingford
220,8,4.0,47.71595573425293,-122.35950946807861,Whittier Heights
488,8,3.125,47.68210458755493,-122.2759656906128,View Ridge
87,8,4.75,47.63956165313721,-122.39567375183105,Southeast Magnolia
628,8,4.125,47.62449932098389,-122.30786609649658,Stevens
195,8,3.5,47.65208625793457,-122.40922927856445,Briarcliff
241,8,4.0,47.68874549865723,-122.37412548065186,Whittier Heights
127,8,3.875,47.55871534347534,-122.29229640960693,Mount Baker
161,8,3.75,47.59250831604004,-122.33246612548828,Industrial District
427,8,5.0,47.57317638397217,-122.38514137268066,Industrial District
421,8,3.0,47.54649066925049,-122.37773704528809,Industrial District
537,8,3.875,47.566235065460205,-122.30007457733154,North Beacon Hill
388,8,3.5,47.55926322937012,-122.38003253936768,Industrial District
381,8,4.125,47.5282998085022,-122.34450912475586,Industrial District
419,8,3.0,47.64039087295532,-122.3088550567627,Montlake
328,8,3.125,47.546525955200195,-122.38186836242676,Industrial District
316,8,3.375,47.5228590965271,-122.3707103729248,Industrial District
593,8,4.0,47.58999013900757,-122.31601047515869,North Beacon Hill
305,8,3.125,47.55373764038086,-122.36298561096191,Industrial District
320,8,4.875,47.51731491088867,-122.36584949493408,Industrial District
303,8,3.875,47.52971029281616,-122.31949806213379,Industrial District
289,8,3.5,47.61091375350952,-122.33098793029785,First Hill
300,8,3.875,47.522043228149414,-122.33501434326172,Industrial District
301,8,4.5,47.53013515472412,-122.34679412841797,Industrial District
293,8,3.25,47.63839149475098,-122.35828304290771,West Queen Anne
200,8,3.125,47.62594938278198,-122.34142589569092,South Lake Union
105,8,3.75,47.54354381561279,-122.26989078521729,Mount Baker
109,8,3.875,47.56790542602539,-122.29228401184082,Mount Baker
149,8,3.125,47.53943920135498,-122.32051849365234,Industrial District
468,8,4.75,47.651962757110596,-122.33269119262695,Wallingford
89,8,3.5,47.64843463897705,-122.38197231292725,Interbay
94,8,3.0,47.67440891265869,-122.35949039459229,Phinney Ridge
478,8,4.75,47.66041851043701,-122.3301887512207,Wallingford
656,8,3.125,47.610392570495605,-122.31151008605957,Minor
0,8,3.0,47.59292507171631,-122.30092430114746,Atlantic
11,8,3.0,47.589611530303955,-122.30420398712158,Atlantic
26,7,5.0,47.69020080566406,-122.26736232212612,Sand Point
41,7,3.2857142857142856,47.610155378069194,-122.34033639090401,Pike-Market
673,7,3.0,47.70606395176479,-122.3477281842913,Green Lake
444,7,3.0,47.55023792811802,-122.38040379115513,Industrial District
459,7,3.142857142857143,47.63957977294922,-122.30384063720703,Montlake
481,7,3.857142857142857,47.65670231410435,-122.32903398786273,Wallingford
694,7,4.714285714285714,47.67223467145647,-122.2835191999163,Bryant
680,7,3.0,47.690543038504465,-122.33895220075335,Green Lake
529,7,3.2857142857142856,47.535294669015066,-122.29061126708984,North Beacon Hill
237,7,4.0,47.6944454738072,-122.37658364432198,Whittier Heights
184,7,3.0,47.61905724661691,-122.33858816964286,South Lake Union
199,7,3.142857142857143,47.62197984967913,-122.33838326590401,South Lake Union
174,7,4.0,47.59432928902762,-122.3259778703962,Industrial District
175,7,3.0,47.54107938494001,-122.32101658412388,Industrial District
614,7,3.4285714285714284,47.66274751935686,-122.31498609270368,University District
176,7,5.0,47.56350925990513,-122.31860896519252,Industrial District
632,7,3.4285714285714284,47.62686429704939,-122.30652291434151,Stevens
273,7,3.142857142857143,47.6324713570731,-122.39042336600167,Interbay
260,7,3.7142857142857144,47.67194584437779,-122.37877328055245,Adams
574,7,4.428571428571429,47.663152422223774,-122.27933938162667,Laurelhurst
254,7,3.2857142857142856,47.61497606549944,-122.33265359061105,Belltown
261,7,3.7142857142857144,47.65587561471121,-122.3761454990932,Interbay
591,7,3.2857142857142856,47.619628361293245,-122.31964002336774,Broadway
308,7,4.142857142857143,47.517347608293804,-122.35654122488839,Industrial District
401,7,3.0,47.55022103445871,-122.37899126325335,Industrial District
352,7,4.142857142857143,47.57940673828125,-122.39344569614956,Industrial District
345,7,4.0,47.56295503888811,-122.38815634591239,Industrial District
407,7,4.714285714285714,47.58256149291992,-122.38326699393136,Industrial District
362,7,4.714285714285714,47.58808299473354,-122.38898359026227,Industrial District
330,7,3.2857142857142856,47.526205335344585,-122.32039206368583,Industrial District
339,7,4.142857142857143,47.564684186662944,-122.38145010811942,Industrial District
562,7,3.142857142857143,47.63097163609096,-122.28127615792411,Madison Park
547,7,3.0,47.59160123552595,-122.3172356741769,North Beacon Hill
545,7,4.714285714285714,47.56813975742885,-122.29976218087333,North Beacon Hill
438,7,3.0,47.54846354893276,-122.38442012241909,Industrial District
439,7,3.0,47.55377033778599,-122.37762669154576,Industrial District
435,7,3.0,47.553824288504465,-122.38293021065849,Industrial District
433,7,5.0,47.5854001726423,-122.38911764962333,Industrial District
422,7,4.857142857142857,47.59050750732422,-122.38522665841239,Industrial District
420,7,5.0,47.526463644845144,-122.35777718680245,Industrial District
98,7,3.2857142857142856,47.5512444632394,-122.28892844063895,Mount Baker
177,7,3.4285714285714284,47.648676191057476,-122.41432189941406,Briarcliff
128,7,3.0,47.56176539829799,-122.27337646484375,Mount Baker
138,7,3.7142857142857144,47.53154264177595,-122.28536987304688,Mount Baker
634,7,5.0,47.65579877580915,-122.3021970476423,University District
117,7,3.857142857142857,47.51745387486049,-122.25514766148159,Mount Baker
236,7,5.0,47.703376225062776,-122.37446703229632,Whittier Heights
101,6,3.0,47.56413332621256,-122.27200698852539,Mount Baker
64,6,3.5,47.71794764200846,-122.29524230957031,Ravenna
633,6,3.0,47.624626795450844,-122.30477396647136,Stevens
213,6,3.3333333333333335,47.672207514444985,-122.39818827311198,Adams
167,6,3.8333333333333335,47.52101707458496,-122.27754592895508,Mount Baker
608,6,3.0,47.65752601623535,-122.31879552205403,University District
240,6,3.5,47.685099283854164,-122.37412389119466,Whittier Heights
247,6,3.0,47.616245905558266,-122.3451639811198,Belltown
180,6,3.0,47.55382792154948,-122.26595306396484,Mount Baker
500,6,4.666666666666667,47.70510037740072,-122.28019587198894,View Ridge
470,6,3.1666666666666665,47.66900189717611,-122.33173497517903,Wallingford
520,6,3.0,47.656079610188804,-122.38687642415364,Lawton Park
506,6,3.3333333333333335,47.66981633504232,-122.41368357340495,Lawton Park
526,6,3.1666666666666665,47.55792427062988,-122.31351725260417,North Beacon Hill
442,6,5.0,47.57567342122396,-122.39206059773763,Industrial District
443,6,5.0,47.52466710408529,-122.35779317220052,Industrial District
450,6,3.0,47.646267573038735,-122.30453364054362,Montlake
441,6,3.0,47.55571492513021,-122.38424555460612,Industrial District
501,6,3.3333333333333335,47.677679697672524,-122.28340148925781,View Ridge
414,6,3.0,47.547664642333984,-122.39252599080403,Industrial District
25,6,4.666666666666667,47.68775939941406,-122.26552327473958,Sand Point
678,6,3.3333333333333335,47.686699549357094,-122.34724044799805,Green Lake
52,6,3.3333333333333335,47.675610860188804,-122.29696528116862,Ravenna
416,6,3.0,47.54851468404134,-122.3887456258138,Industrial District
533,6,3.1666666666666665,47.55730438232422,-122.29684321085612,North Beacon Hill
16,6,3.1666666666666665,47.66810290018717,-122.37609100341797,West Woodland
658,6,3.3333333333333335,47.61280377705892,-122.31282297770183,Minor
652,6,3.0,47.60806465148926,-122.31411870320638,Minor
81,6,3.0,47.645778020222984,-122.38473002115886,Southeast Magnolia
635,6,3.1666666666666665,47.65652402242025,-122.31637827555339,University District
75,6,3.0,47.67941029866537,-122.3052864074707,Ravenna
268,6,4.0,47.65390650431315,-122.37963231404622,Interbay
198,6,3.1666666666666665,47.6214599609375,-122.341002146403,South Lake Union
63,6,3.3333333333333335,47.68129666646322,-122.29135386149089,Ravenna
113,6,5.0,47.50325711568197,-122.25505828857422,Mount Baker
639,6,3.0,47.65168317159017,-122.35441080729167,Fremont
158,6,3.8333333333333335,47.57420412699381,-122.320863087972,Industrial District
172,6,3.8333333333333335,47.595391591389976,-122.32369867960612,Industrial District
615,6,3.0,47.66491826375326,-122.3142318725586,University District
168,6,3.6666666666666665,47.55270640055338,-122.28147252400716,Mount Baker
171,6,3.1666666666666665,47.516824086507164,-122.26356379191081,Mount Baker
239,6,3.1666666666666665,47.684579849243164,-122.36617914835612,Whittier Heights
575,6,4.166666666666667,47.66127967834473,-122.27937316894531,Laurelhurst
406,6,3.0,47.55753707885742,-122.39237848917644,Industrial District
340,6,3.1666666666666665,47.56467247009277,-122.38281504313152,Industrial District
318,6,3.5,47.528191248575844,-122.34677505493164,Industrial District
324,6,4.666666666666667,47.590851465861,-122.3887570699056,Industrial District
255,6,4.166666666666667,47.61607106526693,-122.32914733886719,Broadway
284,6,4.166666666666667,47.64195251464844,-122.32747141520183,Eastlake
404,6,4.666666666666667,47.570072174072266,-122.35792795817058,Industrial District
431,6,5.0,47.58935356140137,-122.38895797729492,Industrial District
377,6,4.333333333333333,47.525136947631836,-122.33483505249023,Industrial District
538,6,4.5,47.549554189046226,-122.30526733398438,North Beacon Hill
541,6,4.0,47.54491933186849,-122.3022855122884,North Beacon Hill
385,6,3.0,47.55739212036133,-122.3984489440918,Industrial District
426,6,3.0,47.56651178995768,-122.37873967488606,Industrial District
429,6,3.0,47.548458099365234,-122.3856595357259,Industrial District
196,6,3.1666666666666665,47.650444666544594,-122.4140230814616,Briarcliff
233,6,3.8333333333333335,47.71421813964844,-122.35956192016602,Whittier Heights
534,5,3.2,47.591607666015626,-122.31243591308593,North Beacon Hill
413,5,3.0,47.55220031738281,-122.39263153076172,Industrial District
530,5,3.8,47.54137420654297,-122.29099731445312,North Beacon Hill
517,5,3.0,47.655931854248045,-122.39961547851563,Lawton Park
522,5,5.0,47.657666778564455,-122.39954986572266,Lawton Park
535,5,3.2,47.591590118408206,-122.31510009765626,North Beacon Hill
502,5,3.6,47.70033493041992,-122.28195495605469,View Ridge
479,5,5.0,47.64919662475586,-122.33517303466797,Wallingford
440,5,5.0,47.58381652832031,-122.38646240234375,Industrial District
693,5,3.0,47.67394866943359,-122.28353271484374,Bryant
445,5,3.0,47.54835433959961,-122.38178253173828,Industrial District
677,5,3.8,47.68222579956055,-122.34126892089844,Green Lake
47,5,3.4,47.6829948425293,-122.2927001953125,Ravenna
521,5,3.2,47.654022216796875,-122.39688415527344,Lawton Park
410,5,3.0,47.552304077148435,-122.39797668457031,Industrial District
436,5,4.6,47.58883438110352,-122.38416900634766,Industrial District
425,5,3.0,47.55752105712891,-122.38287811279297,Industrial District
418,5,3.0,47.52830352783203,-122.35779113769532,Industrial District
423,5,3.0,47.552110290527345,-122.38560333251954,Industrial District
424,5,5.0,47.56657409667969,-122.35806579589844,Industrial District
428,5,5.0,47.570213317871094,-122.3894546508789,Industrial District
549,5,3.8,47.69580001831055,-122.30770568847656,Roosevelt
387,5,5.0,47.5608413696289,-122.35476684570312,Industrial District
437,5,3.0,47.550184631347655,-122.3776351928711,Industrial District
565,5,3.0,47.62647171020508,-122.3682861328125,Interbay
386,5,3.0,47.51375885009766,-122.38378448486328,Industrial District
400,5,3.0,47.542457580566406,-122.38761138916016,Industrial District
399,5,3.0,47.54652786254883,-122.38050384521485,Industrial District
315,5,3.6,47.5537612915039,-122.37628021240235,Industrial District
288,5,3.4,47.60289306640625,-122.33885040283204,Central Business District
164,5,3.8,47.56024703979492,-122.27819366455078,Mount Baker
624,5,3.4,47.659783935546876,-122.3096710205078,University District
227,5,3.2,47.72325820922852,-122.37010192871094,Whittier Heights
216,5,4.2,47.68873519897461,-122.37544555664063,Whittier Heights
251,5,3.0,47.61383285522461,-122.33769226074219,Belltown
295,5,3.0,47.6358642578125,-122.36097869873046,West Queen Anne
594,5,3.4,47.571981811523436,-122.30384979248046,North Beacon Hill
581,5,3.4,47.62177734375,-122.31376495361329,Broadway
402,5,3.0,47.54344482421875,-122.38191833496094,Industrial District
558,5,3.6,47.6553955078125,-122.37356719970703,North Queen Anne
191,5,3.0,47.645013427734376,-122.40223846435546,Briarcliff
215,5,3.4,47.66853408813476,-122.39833068847656,Adams
201,5,3.0,47.62472839355469,-122.33804626464844,South Lake Union
152,5,3.8,47.54701232910156,-122.30797424316407,Industrial District
606,5,4.4,47.673424530029294,-122.27037506103515,Windermere
607,5,4.8,47.670030975341795,-122.2654525756836,Windermere
106,5,3.0,47.549859619140626,-122.28079528808594,Mount Baker
97,5,3.0,47.6777847290039,-122.3646255493164,Phinney Ridge
630,5,3.4,47.61839294433594,-122.30462188720703,Stevens
620,5,3.4,47.66478424072265,-122.31107788085937,University District
621,5,3.2,47.65840606689453,-122.31512908935547,University District
181,5,3.0,47.536981201171876,-122.26601104736328,Mount Baker
178,5,4.6,47.649409484863284,-122.40891571044922,Briarcliff
125,5,5.0,47.495565795898436,-122.26693725585938,Mount Baker
70,5,4.0,47.6748405456543,-122.292138671875,Ravenna
67,5,4.6,47.697872924804685,-122.3257064819336,Roosevelt
182,5,3.0,47.565103149414064,-122.2732666015625,Mount Baker
74,5,3.2,47.66869430541992,-122.29329681396484,Ravenna
636,5,3.2,47.66652145385742,-122.31169128417969,University District
643,5,3.4,47.68500900268555,-122.386279296875,Loyal Heights
559,4,3.0,47.6027193069458,-122.33135032653809,Pioneer Square
389,4,4.0,47.553606033325195,-122.3538990020752,Industrial District
